pmcid,n_participants
4565057,
7563756,29.0
5030332,80.0
6678781,
5902547,
6820536,40.0
8154462,20.0
5324609,
8544331,36.0
3447931,40.0
3965851,
7395771,
5460048,
6382839,34.0
6197719,92.0
2748718,30.0
4330553,4.0
4271330,
6290711,52.0
7005761,16.0
2648877,
6667657,12.0
5665859,
4589842,22.0
3984441,33.0
7272423,
3869649,19.0
4029023,10.0
4115625,
4318429,18.0
4017227,
8379626,67.0
3492343,58.0
3183226,
3991323,
5548834,
3780305,17.0
6344389,18.0
4174863,46.0
5596109,
7002496,20.0
4274095,20.0
6347794,38.0
7829678,53.0
5390693,233.0
6664004,
6878729,8.0
7779563,34.0
3483694,
8315277,
5870086,28.0
5598991,
7649291,12.0
5776089,21.0
6328158,
2151069,12.0
4075342,12.0
7430162,13.0
3775427,
3362560,24.0
3407245,10.0
7745153,46.0
7156375,
6016936,
3334814,103.0
4265725,
5537800,16.0
4175730,30.0
4030253,
3002948,15.0
6024199,
3520927,2.0
5218407,
3660406,
3182403,21.0
5460049,56.0
6847157,31.0
6585311,
8550949,66.0
7989009,29.0
2775905,
6246657,
3502502,
3510214,
2995581,
4319399,284.0
4838249,15.0
7481390,28.0
5717028,40.0
7875881,36.0
6868994,29.0
3409150,
4352055,
2144768,
3676955,33.0
4473263,50.0
3511796,44.0
8318202,
6528067,10.0
3147157,20.0
6509414,
2561002,
6136263,20.0
5279905,3.0
8785646,
5068584,56.0
5903407,
3554651,
2494616,
3742334,18.0
8018944,
8172304,72.0
3877773,
6989437,
6854061,198.0
4190683,
7194032,
7838677,39.0
6908505,70.0
5394595,8.0
7260173,39.0
5413198,60.0
4810172,20.0
2390848,15.0
6457314,83.0
8152834,40.0
3866656,17.0
4184784,
6697392,
7518235,24.0
5857897,5.0
7038454,
3893192,2.0
4869560,59.0
5281680,
7994216,24.0
5686883,
3258233,12.0
8615904,
3422286,12.0
7275020,90.0
4436102,
4522562,
4983635,
6389716,82.0
7057279,55.0
8699602,
6434022,
4370584,40.0
3078751,14.0
7913329,63.0
4530666,
3539852,
4034409,
7406917,7.0
4029608,
3869681,
4255751,
4732188,42.0
5371603,3.0
5719057,
6200185,75.0
4280551,
4477935,20.0
8569140,60.0
7493988,10.0
2993660,77.0
6688454,17.0
8893203,
6726765,18.0
7090024,67.0
6198067,
3889700,2.0
7339141,20.0
6699415,5.0
4416052,86.0
4975394,
7758977,
6675526,
7456884,19.0
6350268,63.0
4380440,
5655292,65.0
5104469,
7099000,
5270359,15.0
4458841,
7004957,
3605341,40.0
5758587,28.0
6220927,
3045463,
4048172,2.0
5881103,30.0
4717328,20.0
3894920,6.0
7082218,
3672681,46.0
4332461,32.0
8459240,
2935390,10.0
3791281,24.0
6646524,27.0
4990879,60.0
5266856,
3842522,48.0
7836234,
3701149,
3788350,
3913832,
8764488,20.0
3132672,
5832413,
7643395,
4072722,16.0
5339238,
5890144,32.0
6004505,
4936600,
7981326,15.0
4493392,18.0
5428836,
4215530,
7851842,35.0
5447679,33.0
7539836,96.0
6908964,
4349631,
3777673,
6195265,15.0
2525845,
6215330,22.0
7933165,99.0
3324921,20.0
5552726,
3423412,36.0
6086096,62.0
5390719,18.0
4117995,31.0
4366107,24.0
7029184,
2991239,
3365275,
7657454,
3251569,15.0
5225377,37.0
8163792,
8174049,98.0
8166909,
5371620,29.0
5139983,10.0
6668217,
3061355,1.0
7499173,6.0
5944238,
5962315,
8869855,32.0
5996277,
8753344,55.0
6939096,313.0
3315027,9.0
3830782,2.0
2736621,24.0
3958452,
4061064,27.0
7469830,49.0
6934551,21.0
5655021,2.0
5919964,20.0
5963507,
4382275,
7202324,
4596928,
6908882,
7306625,
8862392,67.0
3349667,17.0
6895037,76.0
6538491,19.0
4431729,
6209854,32.0
3262831,2.0
4309950,
5102642,
3744007,10.0
6066986,
7696273,14.0
7200443,
4856878,105.0
3660659,29.0
5557775,17.0
3015134,25.0
3905188,21.0
3902357,22.0
5772436,38.0
4480007,38.0
8548369,32.0
6252312,
5829027,30.0
4007379,
7943366,43.0
4053214,3.0
7275001,
5120778,
7817621,7.0
3319663,48.0
3930859,58.0
4211402,24.0
5094780,
5891971,
5744997,
6753164,23.0
3260530,24.0
1824707,
4543815,34.0
6332472,54.0
4183523,60.0
8612467,42.0
3777795,52.0
4410791,20.0
8861450,
3381445,
4860869,
4587539,53.0
7061333,34.0
8035440,64.0
3272045,
3140495,50.0
5101412,
8228527,
3675382,12.0
6819787,20.0
5447013,
8379217,296.0
5349082,
8459611,
8196262,
6175904,9.0
8090840,16.0
4749714,27.0
7890357,
3395705,
4697303,
6847411,
3682439,20.0
3815020,
3948047,43.0
3668141,32.0
4585139,
7527240,21.0
8050264,17.0
7416090,20.0
3808277,14.0
3373504,
7424029,
6405852,424.0
8752324,
3899022,27.0
6400097,16.0
3896871,69.0
3591747,
4889611,16.0
5766543,1.0
5562686,22.0
8791726,56.0
3980106,
7237737,
6491890,
3538283,20.0
3758284,
4316185,16.0
6930796,17.0
6881273,
7347986,
5008046,20.0
7313681,
5984595,15.0
8000089,2.0
7773781,30.0
5767266,
7059347,21.0
5993203,
4082872,16.0
6699247,27.0
8551919,52.0
3818578,21.0
8287987,58.0
7374605,
6937793,
4525020,
3814958,19.0
8785660,
6731699,30.0
5037100,
8386467,
8517178,
3872298,
5701148,
6043673,
3404037,
3498108,
3338067,
3116739,
5748416,24.0
4044900,16.0
5067102,90.0
8015493,24.0
6706374,
4696540,
5215384,12.0
4635922,149.0
8552029,42.0
8082384,
7052248,1.0
2820380,
3977621,
7489040,74.0
7375128,45.0
5540901,
3127678,16.0
5511877,2.0
4881397,45.0
5904188,
8062355,20.0
7264165,100.0
3719031,
7341340,
4214356,
7381702,13.0
5487342,
7103632,
5473647,20.0
4927925,
4240043,
4274875,
8228257,22.0
2577944,18.0
7267960,27.0
2569821,21.0
6170627,66.0
7058635,2.0
4477191,40.0
4141974,
3688684,31.0
6472252,40.0
7721236,
7082749,
3164011,
5216875,17.0
5478859,
4729319,
4493461,
3590451,18.0
5102650,38.0
5348631,22.0
3705201,
4107374,
6625518,
5953467,28.0
8413196,44.0
3614508,
8397119,31.0
4754402,
6067073,1.0
6989828,2.0
8766797,24.0
7294069,167.0
7772193,47.0
5267588,
5693847,40.0
4913992,99.0
6490893,21.0
3721022,
3569450,
8573207,28.0
5408054,27.0
4452897,23.0
3236212,
5136555,
4940400,
6051473,80.0
4148258,37.0
8254416,36.0
5376052,
6585730,20.0
7268023,1.0
7363900,3.0
7415508,36.0
5459904,52.0
3948885,
5275766,83.0
6899324,
8716545,
6485093,38.0
7007888,18.0
5427072,72.0
3549920,
8502874,
4959733,62.0
4755012,
4122182,
4606802,
7430003,
4814138,20.0
4186833,
4764327,18.0
4271605,
4692511,
5432635,70.0
3868704,
3022587,24.0
3402136,90.0
3583464,
8528693,41.0
7927295,29.0
2826186,
2805712,10.0
3644676,10.0
5433500,2.0
4707189,
5713179,
5075341,
5073153,6.0
8551593,72.0
3886996,15.0
2570714,30.0
3789290,9.0
4971060,28.0
6064935,
4623208,
3356348,28.0
3946345,28.0
5043643,10.0
5498521,19.0
7416050,
8152828,60.0
4903142,
4154688,30.0
8615726,53.0
7500182,150.0
8155504,
2952336,12.0
5603581,8.0
4838085,21.0
5390704,43.0
7399639,11.0
3783899,
3375616,
5966381,
8226248,45.0
4531212,91.0
6530345,9.0
4663274,
6287007,48.0
3751515,
4361644,14.0
2527524,4.0
2889713,
7267914,
6546101,
6291466,
2394569,
8106846,23.0
4670482,38.0
6783465,15.0
7004964,32.0
5309571,17.0
7267973,52.0
3897613,3.0
5345975,20.0
4873652,3.0
3856851,
4816802,2.0
8519860,19.0
8027452,
5474460,36.0
8410985,
6296514,24.0
8249890,
3703342,19.0
4035756,
3805980,
4453277,
2755755,10.0
5049624,18.0
5113676,1.0
6708884,2.0
3052361,24.0
1800344,10.0
3832610,
4410789,12.0
5317178,
3862268,1.0
6615160,36.0
3906535,20.0
5846304,
3784977,
6733998,
5715339,16.0
5554370,
3430931,
6838181,
4264953,16.0
4779507,12.0
4072601,24.0
3878376,
4341570,28.0
3631252,46.0
3842312,
3898929,21.0
4461307,2.0
5707232,54.0
7294099,38.0
4773017,20.0
7662091,
4781893,2.0
6932934,
7226604,
6728879,
3950546,42.0
7438913,80.0
4324146,
4237877,15.0
5701943,178.0
7903062,136.0
4468110,
6536856,66.0
5989285,21.0
8495173,21.0
3176913,
4898929,
3400031,46.0
6727739,15.0
5828450,24.0
7396401,
3527271,19.0
6232925,
5041055,13.0
5575270,18.0
5684566,85.0
7903004,73.0
3266503,11.0
4281542,48.0
6681173,
3590462,
6614391,
3935386,13.0
3913833,
3498892,
3582997,20.0
8088358,8.0
4134311,
5537408,
3734351,25.0
8149589,
3874541,
3946483,30.0
3897742,
6193478,7.0
8885704,
4797753,22.0
3398766,9.0
4350403,13.0
3387247,20.0
5579001,228.0
4301658,
6245284,
4222943,
3009480,
3246487,1.0
5091683,16.0
4683193,
6676011,38.0
7967023,23.0
8707613,14.0
4619344,
3410370,
3744921,30.0
7455211,20.0
5554925,651.0
6159748,27.0
6636756,
4116785,
6387933,17.0
6591190,
6930267,40.0
7451790,
7946662,22.0
4607368,16.0
3960161,
7468386,100.0
5269715,
6849263,66.0
6505675,
4481146,
4217331,
6181801,
3106359,21.0
4402596,10.0
4512680,
3025155,33.0
7428490,71.0
4725371,9.0
2646655,18.0
4370729,15.0
3171072,14.0
6481189,
6200838,5.0
7079031,32.0
2518373,20.0
8556613,
2991198,
6831619,
8464598,200.0
8410527,
7603392,53.0
5040199,
4870472,32.0
6650750,30.0
3636085,
3169575,
4075343,25.0
4957514,
4647500,
8421698,
7645615,24.0
6438321,
3434448,18.0
3631704,38.0
8326338,13.0
8321645,
5694469,32.0
4858533,
4633838,
5840443,15.0
7324903,52.0
4617387,10.0
3566602,
5953410,10.0
4960610,32.0
4667012,
7575198,
6232121,20.0
6360180,23.0
5908766,17.0
7438664,29.0
3391678,19.0
6491879,20.0
3221044,
8615791,62.0
6414418,
6685938,
4544853,
5737855,
2876881,
8032591,14.0
4686763,
6335668,30.0
8216203,
5418320,55.0
2702753,11.0
3772553,
5101482,20.0
3466236,8.0
5389622,14.0
6807652,
4792397,
6955618,84.0
6524720,111.0
6711877,31.0
4649056,29.0
4322727,22.0
7859100,2020.0
6917022,46.0
4034329,
6987717,86.0
6374554,
3220187,
6169325,37.0
7446033,
3394436,
4018348,
8046805,
3549497,
2525985,6.0
4032577,
7511410,
3274744,
5279692,
2825260,
3018423,14.0
6548857,
2585816,
7071377,
4007017,
7002564,
8596915,1.0
6051991,
4144959,24.0
4672877,21.0
5322448,34.0
4131876,14.0
8410528,639.0
7466835,30.0
5987841,
8703015,
1143777,
3364282,
3746996,
3860184,17.0
6775267,
4218934,
7721230,
3563087,1.0
7416051,29.0
7961038,51.0
8339076,
3174167,
4026698,13.0
8120105,54.0
4614048,28.0
7956962,79.0
4558049,46.0
7591942,30.0
5771000,16.0
6753189,38.0
2743772,16.0
5256125,58.0
6309619,535.0
7389638,2019.0
7925618,81.0
5702357,40.0
4630293,44.0
7141258,
3428803,
7548991,209.0
6969091,
7113175,24.0
6041384,30.0
5984593,74.0
6084775,24.0
4591484,9.0
7439096,1.0
6405507,20.0
4586270,21.0
4558824,
3865430,34.0
6776602,
7826297,
6693526,20.0
8495532,8.0
3766991,
5102646,21.0
3799631,
6070629,22.0
3344852,
5490687,
4474173,
2993720,
3302835,12.0
7181727,
3668994,
4691408,30.0
8460772,
5585191,30.0
3983486,1.0
4184873,16.0
4062281,30.0
7336141,83.0
4566935,20.0
5116552,9.0
2905610,
2749857,
8578723,92.0
2705682,15.0
5724830,
5701971,59.0
3610191,8.0
6509111,4.0
4792877,33.0
3971169,2.0
3990690,24.0
5951955,128.0
4585120,15.0
2958830,
3090571,10.0
3084809,22.0
5432174,18.0
6303343,65.0
8193533,
8666416,432.0
4114184,
6680530,20.0
5678287,100.0
3500461,16.0
6790308,50.0
4520539,
6250039,66.0
5359606,
5835070,12.0
5816803,
3483569,26.0
3361057,23.0
8413209,16.0
7058508,
3772311,20.0
7340148,45.0
8546162,10.0
4512728,2.0
7487274,
6971169,
6267999,
4876121,3.0
8451880,
4061874,
4786547,27.0
6478896,31.0
3002396,27.0
3341391,28.0
6974919,38.0
8079658,80.0
6779791,
4740953,
8280755,43.0
4714646,19.0
8517932,20.0
5027048,30.0
8421705,
4214743,
5531216,20.0
3420547,
5309221,
4513220,40.0
6519999,52.0
5908080,
4977170,
5801317,116.0
5338867,3.0
3283587,19.0
166149,10.0
5061815,
4779888,
4907975,
5037166,50.0
5953411,16.0
4299532,112.0
8460640,128.0
7044242,108.0
5169068,21.0
4709269,24.0
3956891,
4938209,
6279930,80.0
6853889,42.0
3868173,
8715032,
6351678,61.0
8045031,42.0
7063116,
3402450,
4317194,20.0
7284131,
3128082,13.0
8244967,
6445102,
8026217,
5371677,24.0
7551257,57.0
7779587,30.0
7151113,
6287083,
6380605,45.0
4333285,10.0
4585243,
5504237,30.0
4338545,
2877799,
3261381,
5996039,54.0
3387168,25.0
5797614,
5953307,219.0
5554004,
3830058,
8013735,
3901730,
7403383,5.0
6333851,20.0
6907842,
8344374,13.0
5809026,
8884259,342.0
4194003,
2705703,
7716820,
7848765,
3943846,67.0
6028829,19.0
5643375,30.0
5037230,68.0
4483156,
4523841,35.0
2701679,2.0
5099497,
8113248,
4466042,
4316702,18.0
7611695,46.0
5996092,216.0
6369363,21.0
8226532,31.0
4080316,2.0
7509800,63.0
7877466,
3404989,72.0
5591400,
5148219,2.0
4773384,
6026656,18.0
3777679,
5509941,20.0
7457077,32.0
3189203,70.0
3527573,19.0
6036145,16.0
5572336,41.0
4306597,16.0
5390398,
6307442,38.0
7242814,
6779815,22.0
6987472,
4204461,30.0
8774251,18.0
6045572,
7172032,
4106848,42.0
2583150,
3770910,
6428720,12.0
5008173,
6744568,
4835785,38.0
4515634,14.0
5660710,22.0
8415783,12.0
5844060,
4132267,
4681091,39.0
4717318,17.0
6007508,
4149208,18.0
7973271,
3680713,11.0
8617189,23.0
4352074,
8609487,
8785639,
2327213,
6590446,
5406753,
3329794,12.0
3935255,
8632519,14.0
8534220,
5719969,
4758827,16.0
8267862,48.0
3174219,13.0
2756584,
6458910,39.0
5279909,38.0
6660260,26.0
2989943,
1948845,
3125248,
2923563,2.0
4969259,73.0
4639442,23.0
8287201,
4324073,
3905352,
5956011,
5652281,
6969084,
3422311,
8299339,45.0
6965349,11.0
4728050,
8542033,
4506986,28.0
5133650,32.0
3991864,16.0
5490682,
7196208,
3356373,73.0
6411780,2.0
4585499,
7928375,49.0
6008384,354.0
7350548,
7772238,20.0
3394200,12.0
4608626,
8319239,
6434094,
3316621,20.0
7840726,128.0
4625557,30.0
8561439,
3498279,2.0
5530585,33.0
5501884,
3600174,51.0
4744695,
7264688,
2377337,20.0
8506644,5.0
4250191,
3002291,17.0
3013131,24.0
7328027,
5337483,18.0
3603861,
4625848,21.0
7198729,119.0
8837595,
4771731,68.0
2950744,38.0
3036976,21.0
2920311,
7325959,87.0
4495981,
4583545,35.0
7160846,18.0
6039839,30.0
4820053,
3213017,
6955985,
6094992,
5131954,
5964452,20.0
5650679,53.0
7760331,
7308367,30.0
8356988,25.0
5643204,
4481508,
7850567,30.0
3661727,54.0
4512714,28.0
6346665,17.0
6831914,
6345784,
5565787,25.0
5503292,50.0
7008231,22.0
7580186,52.0
8424013,
3669058,
7268036,100.0
4059922,16.0
3528678,100.0
7240289,20.0
6103265,
6912258,40.0
3322129,3.0
5091010,417.0
7063975,29.0
8414685,40.0
8645564,30.0
4379901,55.0
6525150,53.0
8789684,73.0
7911420,5.0
5006857,
8720193,67.0
8192216,143.0
4086026,12.0
7309184,40.0
7746820,105.0
5205575,112.0
6865810,
6361807,
3474750,
6783415,
5665929,44.0
5516734,24.0
8720198,
3984093,20.0
3332056,
7670044,
4451418,76.0
3379986,10.0
6932986,
5309400,43.0
5460047,60.0
4619796,30.0
6688445,
5480016,24.0
5822570,
6433888,
3426465,8.0
3534702,31.0
3359800,
4460129,19.0
8279071,36.0
3692444,11.0
5536366,
3489813,
4852198,
8236713,16.0
6823375,
6938298,
4218999,
4834945,
8036207,
5760650,22.0
7844088,
8824509,20.0
5830458,
6097101,
3613798,
7749604,
3416700,
5404760,21.0
3366978,8.0
6102316,16.0
8168467,20.0
4599064,24.0
3483777,23.0
7293620,
5112988,47.0
5341328,15.0
3759791,21.0
5742108,
2478709,16.0
3686858,2.0
4189331,16.0
3346725,
4936632,
7681174,30.0
4263140,19.0
6749494,17.0
4112936,16.0
7555088,
6627032,
7172875,53.0
3426015,
4019564,
4019881,2.0
6092994,2.0
6234325,
6545409,26.0
7762811,
6909243,105.0
5805221,10.0
5000576,
8566838,20.0
3990587,
3515589,28.0
6306484,4.0
6861638,8.0
4205092,16.0
4410794,1.0
3931746,26.0
4182760,17.0
4967793,2.0
5689580,
3765321,
7978337,273.0
2805429,
4182437,
3464044,
7295154,16.0
7416094,12.0
5942817,
6216427,84.0
6282848,32.0
8166311,
8075091,
7428479,90.0
6114065,18.0
3072511,18.0
5767270,25.0
6823717,32.0
4871416,38.0
6214650,
7267906,60.0
7785343,36.0
2582437,15.0
8515297,
5318420,
4717323,
6987789,11.0
6088138,
5101634,
6336825,
3557158,11.0
3522615,
3579187,24.0
2666800,
5028003,
4547759,20.0
8505455,3.0
4389358,8.0
6041563,24.0
3810651,
5359254,28.0
8413771,53.0
3073936,
8565294,43.0
8121565,7.0
3424055,
4802529,3.0
8363005,43.0
6790302,23.0
6974031,
8677754,52.0
3059891,
8808980,
6051311,36.0
6465626,39.0
4872413,
8026031,
7880987,22.0
3525956,22.0
4582804,25.0
4649361,
7456987,82.0
7013238,37.0
5423966,37.0
5826397,
3744823,
4333775,20.0
4859784,64.0
8824585,113.0
8578056,
5934703,
4707362,43.0
6194586,
3951481,
5428215,46.0
4464254,30.0
7375093,2.0
3770922,
5490680,
7563151,
7060213,39.0
5073133,87.0
4834768,
5556089,
5082970,30.0
3813625,
3788711,3.0
3741391,
8152848,34.0
4773387,24.0
3587882,
5066828,
3885617,26.0
3487908,52.0
6304436,68.0
3778258,
4330549,
6901178,
4841538,
8844611,40.0
5167221,
4589806,22.0
4299952,57.0
7177590,88.0
5390838,238.0
3464709,19.0
3282900,40.0
8096430,59.0
2518922,24.0
7759590,155.0
3345361,
4221616,14.0
3447818,
4096999,
4011948,
5030331,
6051673,13.0
3561664,
4556667,13.0
4159995,
4061791,
8413787,18.0
3923150,
5835354,
5893717,36.0
4949632,1206.0
3984447,47.0
4215471,32.0
8062740,
2911396,17.0
4240192,
3555868,2.0
7921457,31.0
4687299,38.0
7031677,170.0
3586479,
6558200,45.0
3309293,
4824756,
4576412,
7294056,
7728610,40.0
4353194,
2944888,13.0
4469651,
4019508,29.0
3896989,50.0
3755273,17.0
5933734,
4731490,39.0
5707237,44.0
6934088,27.0
3871655,20.0
7511868,35.0
4640353,105.0
5127572,
8413803,
8825403,22.0
3534243,30.0
5826250,24.0
3847124,12.0
7814772,32.0
4899470,9.0
6302056,26.0
8755760,
8786954,151.0
6411589,
5859072,45.0
5216041,
1698492,12.0
3930118,41.0
5116051,12.0
3922109,
3705175,16.0
5962703,
8245688,825.0
6132644,74.0
3777707,29.0
5490670,
7746800,46.0
4080327,16.0
3094760,
4393246,26.0
3115646,12.0
3869791,27.0
7758505,
5805503,19.0
6718659,
5668033,37.0
5700408,33.0
6356791,
3950074,19.0
5509143,16.0
3116735,60.0
8636113,
4144342,16.0
4107379,19.0
6929567,
5548820,24.0
4923151,4.0
3339027,
5574908,
7203484,
5354342,20.0
5101630,
2908128,13.0
7396649,41.0
5613132,63.0
5740787,27.0
4893013,16.0
2722906,
3014651,21.0
3126799,9.0
6319771,
4536207,
6462777,90.0
7666620,12.0
5874055,
6333399,
6243115,30.0
8674725,
6995256,
4517759,16.0
2198945,24.0
4959711,
7545617,26.0
5294576,2.0
5433384,54.0
3796073,68.0
4596753,34.0
7336154,
3840299,22.0
6329519,
6345498,
4216410,
2577939,25.0
4511829,
7927307,
4522675,36.0
5520823,32.0
6469882,
5838223,91.0
7882165,
2797630,14.0
4564758,
5624934,14.0
2936906,19.0
3727078,6.0
3506032,
5500565,
4552813,43.0
4905637,15.0
2784680,32.0
6790316,
2784679,
3608908,
3999100,
4858518,16.0
5842548,50.0
3499497,16.0
5003890,15.0
4102486,9.0
4539697,66.0
3796455,24.0
3082218,
4746244,
3613753,79.0
6306453,41.0
3625914,
4771946,16.0
3216937,12.0
4414648,
5214227,16.0
3344896,38.0
3158432,10.0
3385211,24.0
4610202,
3979724,12.0
3330757,
4900504,7.0
6305346,32.0
7959215,53.0
3055886,27.0
7487866,43.0
3547007,42.0
7710969,8.0
3110306,
8744903,39.0
3420898,2.0
4010785,25.0
4488594,
3278706,
6292957,
5734798,36.0
7174551,
4617870,21.0
7141501,
6771995,36.0
5169030,16.0
3709103,30.0
7399345,107.0
3797966,2.0
3734350,15.0
8202596,68.0
6218594,
3526643,
2774401,18.0
3317669,
6044349,23.0
5149687,47.0
6327084,
8517223,62.0
4837161,
5214699,22.0
5516603,20.0
8386837,
4768083,0.0
4793190,5.0
4303944,
5655301,3.0
6734224,66.0
3430553,684.0
7664275,83.0
6581730,50.0
5481872,12.0
7518236,56.0
4630252,2.0
3648477,18.0
8049294,
6538859,
5409184,36.0
4468611,
4454696,
4110030,
5012952,68.0
7268054,50.0
2241626,13.0
3426773,
5550713,21.0
4389056,50.0
2515912,14.0
8586526,48.0
5437955,5.0
7565338,36.0
7759208,
8635729,
7693553,
5253253,
5114586,60.0
2691152,
5780425,27.0
3280593,16.0
5153599,
6869572,20.0
3790692,22.0
4447998,45.0
6925270,
4153805,18.0
3960105,
5121279,2.0
8334552,49.0
6001468,11.0
5200881,
2712682,19.0
7732671,15.0
3277937,19.0
3502445,18.0
3923398,
4466596,20.0
5596304,
3311856,20.0
5428464,
8458622,20.0
6442313,
7025481,
8542047,45.0
3285192,20.0
2880799,
7990071,
4327308,
6851803,64.0
4428138,20.0
4153812,33.0
6463125,
7550687,30.0
4644722,
7776006,81.0
8288082,
3930113,23.0
3099099,
3798923,
6234282,
7555084,
5108928,11.0
7761916,30.0
8096549,29.0
6127030,
3865769,3.0
5550544,
5595153,9.0
5129700,15.0
1373642,
8415788,52.0
3411427,
8671790,
4097354,
8267913,53.0
6543172,
5008218,
3777717,97.0
5679722,36.0
5545730,23.0
3756065,14.0
6302005,14.0
5317330,51.0
4549134,
4472024,
4179768,20.0
8773965,40.0
3130679,
5946243,
6197328,49.0
3753572,
3701866,51.0
4261631,92.0
6863958,48.0
6224336,54.0
6504693,29.0
8384177,39.0
3914330,40.0
4724692,
4263085,15.0
3784399,23.0
6168704,10.0
7363473,20.0
4745181,19.0
2724104,1.0
4555067,36.0
8789908,11.0
8710777,
5093128,
5887003,18.0
4783046,20.0
6492455,
6739688,41.0
6915079,
3538957,18.0
6508045,
6389990,
5385589,51.0
8612469,28.0
3500241,12.0
5395570,
7287276,
6971823,50.0
3204998,2.0
4237381,39.0
6329283,16.0
5241989,24.0
4139362,65.0
3557415,
4458689,48.0
6943404,30.0
4487721,28.0
4731574,
5286415,18.0
6544008,
6473038,32.0
7695184,50.0
5576914,
3957420,
7901489,96.0
4950574,20.0
3830070,
6374601,2.0
8526554,18.0
3389385,48.0
2877098,20.0
5486584,10.0
6030991,
5519569,
8079712,15.0
6018085,70.0
6423124,
7915060,23.0
6031869,34.0
7181059,
4486123,14.0
7886792,87.0
4911044,
5856411,
2647336,
5256117,1.0
3069547,22.0
7859281,357.0
8024914,
3146896,13.0
6028523,32.0
4700985,
8210850,
6879998,39.0
4423353,
8545809,88.0
4306101,20.0
7075880,
4160172,14.0
7090023,3.0
4923251,18.0
3101377,2.0
5504124,
6869357,
5651543,
6703901,90.0
4676166,
4536089,
6084015,67.0
3969513,15.0
5583150,20.0
5445372,43.0
7982814,
8477670,41.0
3949688,29.0
7756088,60.0
4510264,40.0
8369943,30.0
4832096,
3546317,25.0
4104834,
7718881,
7863325,40.0
6914439,96.0
7053268,63.0
5277003,143.0
4372361,20.0
3807502,42.0
2999982,27.0
8129561,
3912127,69.0
8859266,64.0
3640070,
7693576,
3814956,
6283978,4.0
5741645,27.0
5374197,
4905965,20.0
3459703,
5928127,13.0
4556707,
4048154,12.0
3655975,46.0
4584065,36.0
5423613,38.0
5578968,40.0
4236576,
3798761,19.0
5872590,20.0
7240193,
6554427,
7785814,2.0
2518618,12.0
3624952,24.0
8291150,
3585713,
3396380,3.0
8417257,41.0
4911046,
8548365,19.0
6885594,26.0
4712932,
5050502,41.0
3884128,40.0
4133376,12.0
4512184,
3338535,
3377932,56.0
5490684,29.0
4370397,18.0
5766638,
6589258,64.0
3378082,
3696724,
7882180,34.0
6584748,176.0
5861186,16.0
7608673,279.0
3265182,21.0
8233387,
5428665,13.0
5732236,
7416026,76.0
3828508,
5095112,43.0
7416928,
7573621,
4713423,
6718876,24.0
8065419,
3657626,
4460889,34.0
6264830,15.0
4911362,
7977480,39.0
3900530,
8904428,28.0
7253675,25.0
3743067,
5138827,
8776336,71.0
4810460,39.0
7490914,
3759853,41.0
5814051,30.0
8422162,18.0
3674317,
7242759,11.0
3961291,11.0
5624616,
7179339,2.0
7344192,106.0
5159433,
5500479,
8375680,
3728072,36.0
3812906,30.0
7901965,2.0
5390728,45.0
4706123,
6133549,
4823302,
3536813,
2694675,
3913830,45.0
3448611,
7749513,
4061265,11.0
3506550,
4018561,
6851020,
8357001,
5015972,40.0
3446947,
3777786,
8160303,96.0
6591689,112.0
3907682,298.0
6362490,
3888398,
7960059,28.0
7868384,
8047070,
8393360,98.0
8652044,43.0
5002985,19.0
7292263,26.0
6072647,
2713432,46.0
5638238,
8566670,2.0
3927705,
4515536,25.0
6934617,46.0
2769551,16.0
3182987,15.0
4270260,7.0
7509111,60.0
8330842,
8233416,52.0
5353703,4.0
3480647,1.0
7264824,46.0
7568140,81.0
3641096,
4987329,15.0
3593578,24.0
3744508,37.0
8286104,73.0
3252366,11.0
2654525,
4109700,6.0
7451150,
3315678,18.0
7936696,
5466595,10.0
5223054,
8443466,43.0
8900534,42.0
4139958,12.0
4001872,8.0
3622132,13.0
6234582,
6861557,116.0
4373272,15.0
8833229,34.0
6856651,16.0
4488375,
7643110,38.0
5845706,42.0
4077566,56.0
6990091,
7759206,128.0
3639273,16.0
6175971,27.0
6398246,22.0
7378795,
8851385,
3388891,
6685442,44.0
8865143,
4785374,32.0
5984739,30.0
3716940,24.0
7522394,
8498462,21.0
5434171,
6434179,
7063030,
3057942,
5936771,18.0
4325923,4.0
5312947,45.0
4801124,
5247468,12.0
3059884,12.0
6597703,28.0
4018353,
5844916,57.0
2733194,10.0
4978833,44.0
6292425,200.0
7750687,
4345335,
3812565,4.0
4332542,
4646462,29.0
7907898,10.0
6151682,14.0
5646154,29.0
7355229,
6603018,
3804629,15.0
7377905,28.0
4288239,
3711903,
2904054,
4074702,61.0
6714062,
3986941,
4042095,18.0
5807408,15.0
8785641,
3175755,
5758492,
4224976,20.0
6034587,
4334979,59.0
4020302,
4375642,113.0
3979738,
8159858,
6491783,17.0
8433283,
8602349,40.0
8814632,
4586278,32.0
7509081,
7190157,
7443230,71.0
6969304,
6023115,46.0
2824708,
5472159,17.0
8261303,14.0
4354285,12.0
3750036,56.0
7904817,22.0
6162305,26.0
4658414,93.0
3498728,16.0
4046318,16.0
5985698,
2772079,
3779225,19.0
6382150,
5897436,
4477192,
7978137,
8417797,99.0
4793124,60.0
8195899,34.0
8341642,
6761222,59.0
7294058,1.0
3229979,88.0
8749448,6.0
4582802,
7643386,
5033031,37.0
2625448,
6329784,15.0
7794005,34.0
4604759,30.0
7782966,168.0
7779323,37.0
6202694,489.0
8046910,16.0
5561091,45.0
4324766,
4641924,
3868580,
7873952,16.0
6425117,18.0
7243356,
7550714,56.0
4354310,
5429245,
6308383,
7351268,
5932143,
3859978,29.0
3229557,
3311835,20.0
7856645,
5890192,
4958897,
6262413,
6394790,
5711016,
6402339,
6548807,24.0
8215599,
4018287,24.0
8527045,49.0
4107372,
6029793,31.0
2850391,
8379646,
5733533,
6849177,52.0
3653868,20.0
6054466,
7434521,73.0
3765269,18.0
4076230,8.0
3914963,
4531323,10.0
8706548,20.0
3960024,
2742668,
3796712,
5890242,
6305490,23.0
4121543,19.0
5722874,6.0
8355471,27.0
8805588,30.0
5737644,
4159987,20.0
3791293,72.0
5326798,90.0
8608892,
4417231,
5220074,
4348517,
6077172,17.0
7887639,167.0
3847547,
5065042,
4006067,
8342928,16.0
4299407,45.0
7265368,18.0
5215289,21.0
4855531,68.0
6121151,100.0
5537409,64.0
4738255,45.0
5670503,2.0
7428471,6.0
8417590,1226.0
4906710,34.0
8638205,33.0
7982371,
5577855,
5944011,24.0
4786208,16.0
8864087,
5546115,64.0
4427352,2.0
7716432,
6987884,4.0
5818614,27.0
4464202,52.0
5554371,20.0
5552678,30.0
8564766,19.0
4674830,
5772468,
5436813,1.0
8317644,40.0
4473266,70.0
7595210,19.0
6322711,48.0
5703701,
5701933,27.0
7303278,
7502842,
5737574,54.0
6759632,
4163434,20.0
7871792,16.0
8863287,
6492163,112.0
3280262,28.0
6920387,
3778887,
7235958,
6223879,
4174767,
5516169,42.0
8457564,62.0
6015913,
8329380,
3359281,42.0
2217520,
5222957,
8379545,5.0
4480149,22.0
7933450,28.0
6303108,2.0
7905591,12.0
3544542,50.0
7329834,
8209061,
6105621,
4383651,
2233815,12.0
4179761,16.0
4949629,83.0
6243583,
5603705,20.0
5043422,
3458812,28.0
8669024,
5460052,
4777731,
2671164,10.0
2572212,12.0
5845741,
3160552,30.0
3016621,
8851037,53.0
3771919,55.0
6335318,
8720190,33.0
6452291,
4937025,46.0
8752962,84.0
6570413,
2887789,57.0
6225791,104.0
8248670,
6423409,
4553368,15.0
4540566,39.0
6927995,21.0
6284029,34.0
7162893,50.0
7744224,
4186480,
4422669,42.0
8165539,
3584052,100.0
3725474,18.0
4477106,
8217547,56.0
5226806,48.0
3063163,10.0
7124138,38.0
7890238,15.0
4511287,23.0
3942310,
7327301,69.0
6520683,
8777223,
6337053,64.0
6182059,120.0
8134957,
3381866,14.0
7674924,77.0
4672713,
4834229,
4021128,38.0
8113515,
6546813,32.0
6043592,84.0
2866664,
5383672,2.0
5619927,
7794287,19.0
4526587,120.0
3152719,12.0
6563468,40.0
4121089,
6970152,
5796644,
6199304,42.0
7572327,13.0
5891973,
5408037,
5622337,18.0
6417705,
4108032,
7013042,
6007597,35.0
4165215,
2892997,1.0
4182029,20.0
8104007,
7481778,
8414999,50.0
3786224,23.0
4446262,16.0
5595885,31.0
5929108,420.0
7425087,22.0
4638337,20.0
3048219,
5700801,20.0
4121234,20.0
4465482,
3599917,
6266032,16.0
4352081,191.0
7451428,60.0
3281860,2.0
5415557,204.0
6281980,42.0
2858659,16.0
6395384,38.0
6062613,17.0
8850747,163.0
5846383,49.0
5036433,8.0
3851159,32.0
6650534,20.0
5448813,20.0
8152856,2.0
8429816,10.0
3025354,
8327959,17.0
4131867,48.0
8820653,69.0
7815622,108.0
7229488,56.0
4890427,
8193510,80.0
3139954,16.0
6025187,49.0
5716095,
2695858,26.0
2582961,2.0
6706639,72.0
7374540,
6609574,45.0
3912435,32.0
6555809,64.0
5843226,9.0
6037213,
4350407,24.0
3368848,17.0
3872043,
7922957,
5597870,31.0
6832276,
3411703,
3629065,600.0
6369365,30.0
5437852,2.0
5490673,
8589643,30.0
3262818,
7425921,
8413759,27.0
4923118,19.0
8193721,
4599046,
4698722,
3864104,17.0
6185852,19.0
3412995,
8866328,115.0
5225733,
6051493,
4471632,24.0
3930099,
6895067,
4650987,
6258801,1.0
5390743,217.0
5964829,
4301911,12.0
6117043,62.0
4477114,64.0
5944019,
4274659,36.0
7198299,41.0
7567102,121.0
4154887,19.0
4737127,20.0
6231057,24.0
4174036,
4459220,22.0
3534686,
5724834,20.0
8837580,
6409298,85.0
8032987,47.0
7118360,1.0
6286189,30.0
5346560,60.0
8003996,
3511386,18.0
8859259,38.0
7803421,31.0
7268062,52.0
7895841,74.0
3309492,28.0
6819097,52.0
7803954,
3486688,13.0
6832542,2.0
4029073,18.0
6853793,46.0
8673709,15.0
1963318,
6126420,104.0
8150258,
4098114,16.0
6664196,67.0
5337373,
4941243,
4689787,28.0
3530565,10.0
4490246,
4320085,
3842969,40.0
3178514,
3894973,
7183158,52.0
8751629,104.0
6660255,
3620530,25.0
8687546,23.0
4685521,
7272628,2.0
7943359,
3335782,
7808842,50.0
4121088,22.0
4199283,10.0
3382568,20.0
6974907,
2887372,
6085921,20.0
7090100,34.0
6209833,
5789340,
8803542,
6825652,11.0
6438928,
3728237,17.0
8119826,43.0
8232236,89.0
5687596,2.0
6224323,
7026183,
7515839,
7815846,
5842749,26.0
3927073,
8868122,
7573667,
6753388,104.0
7667047,30.0
6688447,146.0
6648236,
3519473,50.0
7501865,116.0
4656846,
8342925,
4274877,
5028840,
8526795,
2963756,10.0
3499736,
3888397,
3083509,41.0
6121162,
4061884,27.0
3218006,
5868121,1.0
7267910,45.0
3412736,19.0
7927301,
3905226,
5516034,
6315197,26.0
6070691,
7527596,20.0
7873197,
3805688,36.0
4720749,
3178646,
8032940,
4460906,142.0
8336692,24.0
5390840,
8656425,2.0
8863739,37.0
3116731,
3954845,26.0
6755563,13.0
4458840,
4971081,
3689691,
4392699,33.0
5529377,
4838301,25.0
4669532,2.0
5603694,1.0
4761724,30.0
6901698,
7230250,22.0
5121604,5.0
8153184,
5390711,
4054964,
6699467,30.0
4683429,
7901076,119.0
7472888,29.0
3692521,22.0
4104703,10.0
8208881,14.0
8215264,60.0
3985424,21.0
8196988,
4661275,31.0
3815348,
5065224,
2233772,2.0
8302749,
3422320,62.0
5536581,45.0
5066832,85.0
3261661,
7669264,96.0
7821351,56.0
4425548,16.0
6924083,55.0
4519303,
5591831,38.0
3465779,31.0
4679864,
5990012,16.0
6565807,
7737192,
6803428,
7517829,26.0
3309518,
8528711,25.0
5443910,
3626071,30.0
4573090,
2638745,16.0
5213710,
4452886,24.0
7789231,970.0
6628069,12.0
7523366,
6969346,
4816784,
8094334,50.0
6372948,
7018765,
8187583,
4441475,
8663636,
6902029,16.0
6925178,
7030986,16.0
6200849,
3986373,15.0
6361032,34.0
5758503,20.0
6683781,
3898984,14.0
7525302,1.0
5358467,32.0
5852894,
7710811,40.0
7448163,
3672100,
4459270,28.0
4689287,24.0
7137100,
3206875,12.0
7267909,
4330550,
5757403,47.0
8113012,
6290732,
5080293,54.0
3837187,11.0
6154460,47.0
3978331,11.0
5094726,14.0
5818658,
4692314,
3686683,
2866566,14.0
6057663,21.0
3575057,14.0
4923193,
5524890,11.0
7186217,
4114426,84.0
5742189,30.0
8653428,
5097818,160.0
5053033,
7217870,30.0
6307453,56.0
6706769,
3222860,
3769261,
4436141,56.0
7239932,29.0
4701928,
3867969,1.0
6472434,20.0
5655281,
7004158,17.0
4835479,14.0
5716198,
6684815,
7744462,
8024683,
3315004,
3522643,
7559640,
4112914,
6378291,
5930551,
3670926,12.0
5517493,22.0
4683540,23.0
7418535,900.0
3807605,
5064346,800.0
3674478,17.0
3347624,3.0
2644454,
3695563,
3613595,
3656341,
7393207,13.0
3874542,27.0
4178298,
3872730,20.0
7443700,
5100555,4.0
7989050,22.0
8892006,39.0
5914370,3.0
4263533,150.0
2729391,
6889413,
6500632,29.0
3402516,
2065898,14.0
4887503,
6345858,271.0
4124704,16.0
7226880,99.0
4306292,
6307659,
4331395,32.0
7554345,60.0
6987719,2.0
5066805,
4299805,31.0
4375638,
4814690,
4710636,
7668216,
5609860,
4801860,
4076213,
4612670,
8725707,
3659304,20.0
8148467,62.0
7857581,
4908139,
4393019,14.0
3869680,
6698268,38.0
3472892,
3401202,40.0
3691443,20.0
6823489,60.0
5008055,
5983530,
6414524,16.0
8413760,41.0
6156257,
7143895,30.0
3903437,490.0
6974891,
4686754,3.0
6978675,44.0
2885301,14.0
6531458,
4526683,13.0
6819316,
2572210,15.0
4477185,
7219687,24.0
4932112,
4975911,
5991324,
4849453,
7073437,
8316979,102.0
7078287,
3609767,
4378329,25.0
7419698,
4332281,21.0
6701282,63.0
8779446,35.0
5807432,
4451850,16.0
4117463,59.0
7469802,
5117589,26.0
4325335,12.0
3366349,16.0
3855767,
5378713,56.0
6234327,
2829029,16.0
6277540,
5066834,19.0
3569607,2.0
7905225,107.0
4624809,
6837842,
3556569,
4051855,3.0
4499672,
6734311,
8176119,
8857499,
7911688,46.0
3544280,11.0
8850244,
4560823,
5396975,
5315540,37.0
4422438,
8714998,142.0
8018769,40.0
4796013,21.0
6759465,
7943364,422.0
4210608,
6221049,
5042442,42.0
2994755,
6987881,15.0
6177124,
4141983,3.0
8517928,21.0
6371034,89.0
6258154,46.0
3418609,24.0
6176073,
7786205,40.0
4838821,20.0
2792194,18.0
7035375,
6418272,
7816233,42.0
5579021,36.0
4253669,
2596101,18.0
4383593,
6387936,19.0
7994689,36.0
8301890,41.0
7174714,12.0
3828542,16.0
3501481,
4835439,92.0
4264752,
5529460,
4023019,9.0
6831726,38.0
4076184,18.0
8120906,13.0
4671712,
8405642,
3217963,
4902194,20.0
1291397,7.0
7498611,19.0
3769296,44.0
4968823,57.0
4684365,32.0
5031470,
3436669,
3364962,
6078711,29.0
5629818,38.0
5390759,38.0
3858318,19.0
4273625,28.0
5610687,
5458780,24.0
4650644,69.0
2743811,11.0
2928271,13.0
4667761,19.0
6362173,22.0
4407577,
5627153,41.0
7662113,
7185578,3.0
4440210,16.0
4333811,55.0
8369572,150.0
4588113,23.0
4547715,
5261811,
4215464,63.0
5440465,2.0
2516172,47.0
3506600,
5091824,35.0
4132649,
4073651,
5244672,
6864886,
3261380,
8371886,
8278207,
3423441,24.0
4116759,22.0
3825257,
2759373,
3608539,
4160952,16.0
6893234,17.0
7686764,119.0
6861198,
2803733,
6391930,54.0
6104074,
4834943,
4498104,
7902065,
5032244,50.0
6261580,27.0
5030369,83.0
4632075,
3795327,
7511887,
5721596,
4197644,
7179344,27.0
3492182,12.0
6543522,24.0
7862649,224.0
2816724,23.0
4912932,
3941612,24.0
6974892,12.0
6232505,2.0
6374424,
4581560,27.0
7336138,
3494684,41.0
7713359,
5168646,18.0
5256670,
7356844,20.0
3187762,
4738294,42.0
8157607,
3967532,
7018059,2.0
4506983,49.0
8167968,
3544832,
2919410,19.0
8476857,
3480469,26.0
3458074,
3933564,80.0
4700263,10.0
7816461,48.0
6082980,15.0
4816805,
7251158,
2755766,12.0
6074837,11.0
2868299,
3462766,
6787009,
3376727,20.0
6538577,
3218372,
6915704,
7533640,
4974501,24.0
5319953,
4564562,
5416694,
2938977,39.0
3565817,
6223116,
7522851,
2584040,2.0
6794683,56.0
3554878,
6110881,28.0
4047091,48.0
8598242,85.0
3703531,
5810040,8.0
3981758,28.0
7930634,8.0
4938958,18.0
5126868,24.0
5351631,66.0
8688399,3.0
7981307,
6995405,80.0
7014141,
4768680,13.0
5732967,41.0
3872732,29.0
8832877,
3744058,36.0
5006878,8.0
3967534,8.0
3569458,
3918649,8.0
7952868,30.0
2859810,
7900488,
3140479,
4753321,9.0
8203345,78.0
8276458,51.0
6344438,45.0
5954893,2.0
6508624,27.0
6061207,9.0
4624866,80.0
8589810,81.0
8481585,720.0
6373934,30.0
4052338,10.0
5825897,24.0
4324997,
4229501,14.0
6105189,
4914983,20.0
6491039,
5539178,25.0
5535744,32.0
6074614,82.0
6141635,
4753805,
5593184,
2695008,28.0
6971211,
6063348,
7506052,30.0
3726865,
7476068,127.0
4273608,
7014820,
3445573,12.0
3506436,
8025655,41.0
3373527,23.0
4228502,19.0
4016310,38.0
4921464,16.0
4748034,35.0
5861187,
4568337,
3602016,21.0
8384810,2.0
7033450,3.0
7501693,
6971822,
8660877,
6620714,
7816934,
5901964,
4754765,
5989618,18.0
7578432,
6856165,
2996305,
4418763,
5074286,4.0
2667181,24.0
5023093,16.0
3657709,24.0
8064775,75.0
4580315,16.0
5612468,16.0
5787555,14.0
8427063,37.0
4124462,17.0
3603994,
8699822,31.0
3835900,
5240249,
5872489,129.0
3267031,24.0
3042380,
5415819,
3868176,
4372545,
3963376,18.0
7283585,
5082531,
5472613,
8413163,
5589926,19.0
3616250,5.0
4939358,3.0
4432080,1.0
6405436,60.0
7033456,58.0
4211386,30.0
3871293,
7267926,50.0
4995168,
3598753,
3912430,
5559812,50.0
7859438,60.0
4814553,30.0
6519915,38.0
5939209,24.0
3831091,
4204386,41.0
6444301,
5868769,
3279707,24.0
4728009,
8328277,145.0
7495114,
2856674,18.0
3313548,16.0
3605420,
8378794,32.0
8446353,72.0
6580427,
7744880,73.0
4321660,
4169531,
4459168,75.0
8896555,
6167473,
7371896,18.0
4299957,
8500876,59.0
5478270,30.0
2987510,36.0
8712565,25.0
4552664,62.0
3299768,43.0
5418232,
6469048,20.0
3635018,16.0
5607125,
5153603,36.0
7439597,45.0
7334611,
3406317,22.0
4429366,
6786756,36.0
3797465,
6521098,33.0
8519858,
4760755,12.0
4893496,20.0
6356006,12.0
4833895,
5434828,31.0
5061089,
8585844,36.0
4500585,19.0
6522834,32.0
3677130,
2625333,10.0
7089996,52.0
7543941,
2789405,15.0
4260866,18.0
3747149,11.0
3072382,18.0
3398390,2.0
8596961,62.0
4113975,33.0
3384259,
4374450,10.0
8102620,75.0
6156348,
5378777,200.0
2679199,20.0
4301016,
8115666,24.0
5459906,58.0
5002428,8.0
5490062,
7281781,83.0
7028277,
4550786,38.0
4830618,67.0
6458356,33.0
3960334,120.0
8894202,
3607793,
6338059,79.0
4017150,
5090046,
7367880,32.0
3838991,10.0
4053655,
6841919,
4814794,
5364459,20.0
3319907,13.0
5612991,
6477506,32.0
6403295,13.0
7669903,62.0
4375788,
6033386,5.0
6517954,
6051941,
6027957,
4502353,6.0
5271317,
3887023,67.0
8048057,85.0
6703143,30.0
6137311,
4556991,
5233672,66.0
6409331,
2981419,10.0
3195690,
3621767,
3905356,
4558976,40.0
6189475,32.0
5073125,
2267490,
4720218,
2693664,18.0
5078804,41.0
3904110,
4602085,17.0
5830351,18.0
5040752,28.0
3807048,
8886646,312.0
4543582,
5932177,20.0
8429380,
3119789,
6234525,52.0
3547329,
3667190,20.0
4465937,16.0
4410787,20.0
3666968,20.0
8668439,
7408461,11.0
8633536,74.0
8693354,
6969196,
5977449,
4300003,14.0
6882310,24.0
7182973,32.0
6422826,10.0
4176032,
6085917,70.0
8754678,85.0
7238288,
8529279,123.0
4828456,
7469823,
7812596,93.0
6277805,6.0
8152835,26.0
3213127,13.0
5405064,28.0
6505710,
6262037,26.0
3351439,1.0
4705349,
5656597,
5901935,34.0
2939655,
5171814,24.0
6838657,
7679381,
4443021,
6750201,78.0
3225902,
6612132,136.0
3492494,
2947936,
8203188,69.0
3566529,
7066353,
7518069,
7893090,10.0
4667066,23.0
4890016,40.0
7268012,
5113059,23.0
5722310,
3350069,41.0
5603698,
4609410,17.0
6975290,
3280525,
6634058,
5344901,14.0
8069225,
2231369,
6864898,
5519538,72.0
4494027,
2633349,19.0
6430005,48.0
3661949,
6965060,60.0
4990413,29.0
4396351,5.0
5787137,55.0
8481633,89.0
2568959,
6057276,34.0
6923468,39.0
7918676,
6215333,92.0
5772563,2.0
5776082,3.0
5324352,15.0
8493300,17.0
6275219,
4624365,
2806951,
7334452,162.0
7485420,
3559478,
7779396,
4184794,
2683943,4.0
7314931,
6838093,
3315099,
3076433,32.0
8284389,
6692433,40.0
3682993,
4743418,
5402715,27.0
4543892,46.0
6289073,31.0
5801296,54.0
3688578,19.0
6418099,
8898830,
8534020,58.0
7499295,62.0
5485378,36.0
5810285,1.0
4614319,8.0
4908160,20.0
6523415,
7691246,22.0
4075334,23.0
3547013,17.0
6964811,44.0
3791276,14.0
3783488,2.0
6563769,21.0
4981336,50.0
7044545,
4976095,18.0
5517483,40.0
2706325,15.0
4521505,7.0
6892816,
5603029,40.0
4785213,278.0
5714878,36.0
7093095,61.0
2746806,26.0
5647646,
5320604,63.0
5722017,36.0
6079279,
3643713,17.0
8895376,
8046141,
8026345,
5683807,
4157554,18.0
3777779,82.0
5460054,18.0
3769349,
5434195,
6477654,23.0
6766853,32.0
7710896,
4433098,
4379998,17.0
3702497,
5890198,18.0
5487465,
5736650,14.0
5373110,23.0
6603131,70.0
3786613,16.0
4646674,
5493837,37.0
8577044,
4200220,14.0
4831124,
3805951,
3217668,
3875519,30.0
7082015,88.0
4854410,
8861823,30.0
4150124,132.0
5012579,21.0
4172871,30.0
8565005,
2903486,
5675730,15.0
8542772,20.0
8790475,
4338815,18.0
6778831,
6051291,8.0
6680427,
8452380,80.0
4460034,21.0
4041563,31.0
4715124,
3779866,42.0
6491847,
8281314,
4771748,20.0
8062334,45.0
3523259,3.0
4723992,
8476348,
5767843,
6082929,25.0
4785273,
5952255,
5932339,78.0
6667674,56.0
6014584,55.0
4324356,
4477190,54.0
8018883,24.0
6488919,96.0
7862288,
3558499,34.0
6070862,2.0
3499449,
6459927,106.0
6920213,
4552824,
6820158,110.0
8828077,
7473423,50.0
3237491,16.0
8517525,30.0
8740448,30.0
8615877,11.0
5733863,18.0
5328315,46.0
4349632,23.0
7268040,
7311494,
7708928,36.0
6025608,
4795711,
5032987,
5153555,40.0
7929989,
6055646,
6865530,20.0
4912858,121.0
8897706,
5012606,11.0
3677092,53.0
6363380,
4433670,
5066914,
6333856,18.0
6093481,60.0
7930883,28.0
6970151,33.0
7822072,13.0
4951481,29.0
7145196,
5909247,12.0
7567983,
8810806,29.0
5962628,
6803655,34.0
4018444,40.0
6423085,
4696812,5.0
5596085,
4706972,
6204486,30.0
3073934,
8249891,
3737471,362.0
3173383,
3196491,16.0
5484279,37.0
7531545,
2764349,
6450666,
6793871,22.0
4402026,26.0
8693765,
6302822,36.0
4270393,
3799008,
4546410,26.0
2572192,
5618270,
4123716,32.0
6788296,56.0
4149038,20.0
6726596,58.0
3559645,
8607164,
7262007,
4564220,26.0
3818257,
6411827,11.0
5435748,41.0
7562935,
4683460,
3782473,26.0
6690512,40.0
4749380,
3729599,33.0
3518874,
4917538,
8628146,30.0
5037197,18.0
7385240,36.0
3374941,
8249884,34.0
6174248,59.0
3783387,
4215400,10.0
3205481,
3720617,
4709422,
6690736,53.0
8589974,100.0
7292267,
4625212,4.0
4370559,16.0
6662889,
6737283,1.0
2793371,3.0
4131189,46.0
5607552,20.0
5592780,
4270311,
5472615,34.0
8770425,113.0
2638013,16.0
5540826,
6688450,71.0
7192759,10.0
6306625,
4382975,
3946492,
6691771,61.0
5870359,15.0
2697279,10.0
2694932,20.0
3429427,10.0
7494675,
7047962,69.0
6193108,3.0
4322572,2.0
6580312,
4790904,3.0
4077017,39.0
6489540,20.0
6312116,
5041526,6.0
6420575,77.0
4311618,24.0
6373538,20.0
3764021,
6369791,54.0
6314635,24.0
4980767,
4178249,33.0
8090767,28.0
5705718,
5587688,
4203817,
4354350,32.0
4066186,
3867357,17.0
2643476,16.0
4594019,
5813029,20.0
6088776,
2860504,
7971046,
8215659,
4995017,81.0
6732149,
4736480,
6002968,82.0
3707182,
6969343,49.0
4160997,49.0
8635046,105.0
6994751,
3485317,15.0
4561672,40.0
3797968,
3616056,
5671608,27.0
3173374,
4589641,18.0
7693624,14.0
4561903,
7047914,41.0
8443365,78.0
8221338,
4209722,24.0
8777079,49.0
6414400,18.0
5021995,18.0
8236041,11.0
7416054,
6352299,22.0
7840259,33.0
8357002,13.0
7751325,26.0
5595783,41.0
5709437,
7056998,16.0
8236945,
3696086,18.0
6581736,42.0
6423170,2.0
8717427,51.0
3804471,
5853626,
6335744,180.0
5591329,100.0
6930905,45.0
8290839,
8005702,42.0
4175071,
3914861,1.0
6413302,
4055001,15.0
3644936,
4001047,
3871398,
4062465,40.0
7971531,
7275517,169.0
6707554,18.0
3360699,28.0
3541073,80.0
3872307,
2671306,
6371424,202.0
3837007,19.0
5538346,
4316608,25.0
3002933,
3876977,11.0
7473971,15.0
4971065,16.0
3430664,29.0
3896435,5.0
5788979,28.0
3725398,20.0
6728376,383.0
3988374,
5323110,198.0
6360608,
3148238,16.0
8594961,
6291517,34.0
4536125,28.0
3877131,
4005943,
5407639,32.0
4519547,
8303916,14.0
3853351,40.0
3767892,
7367818,31.0
3775752,10.0
7355178,
3214046,20.0
3033899,
5567054,
5370516,32.0
2935969,11.0
5974035,50.0
6008551,16.0
2921150,25.0
6251472,
7416057,424.0
5787069,71.0
2680057,36.0
7406510,
6736976,
4607499,11.0
5231350,15.0
7096733,31.0
7052336,
6776603,35.0
5919956,
3434213,36.0
3320628,12.0
6083552,12.0
4263234,
8369927,1.0
8206209,
8752965,39.0
5605556,
3653128,10.0
2440815,
8639013,27.0
3862486,40.0
6969350,
3933715,36.0
8639725,
6969119,
7830976,62.0
7687999,34.0
7329310,30.0
6529676,
3533380,
8240196,95.0
4396619,
8412372,
3656906,28.0
5515815,36.0
5396873,30.0
7721231,64.0
4064667,16.0
4468216,
6821801,
5928107,19.0
7205008,13.0
8295253,
3250458,13.0
2988799,4.0
3840899,6.0
2515325,10.0
4585217,
5863896,
4950303,
3236756,
7186243,50.0
4128667,38.0
6733807,39.0
5974222,49.0
2927239,1.0
6776974,
3888393,
6443641,24.0
4514841,29.0
6749092,174.0
5785471,
4219727,
4010762,27.0
4627358,20.0
5670208,14.0
6525165,44.0
6507243,40.0
4805536,
4595771,
6460665,
4122173,
7303392,120.0
7569470,
4397440,12.0
5565317,9.0
3000383,7.0
3059627,
6992642,47.0
4624709,3.0
5519515,42.0
8103021,102.0
6037822,40.0
2846311,
3756304,29.0
3026801,35.0
4913931,61.0
5626656,41.0
3791288,37.0
4608360,306.0
3405281,7.0
5228032,802.0
4681551,
4379694,
4183380,
8721204,
4806909,
5913255,36.0
4292587,16.0
4470923,18.0
3031025,46.0
7889502,
3285156,
3303838,
8568270,
4131910,162.0
5553850,29.0
6319210,29.0
6408456,20.0
8639080,
8717032,58.0
5842755,
3610836,
2727699,18.0
7530292,
4441506,
3960496,22.0
3252302,30.0
8336636,40.0
4536227,42.0
6300783,
5561271,
3313953,
4806293,
5743927,22.0
3425483,
6200969,
7720576,46.0
7243043,
6326732,70.0
5506482,8.0
8414185,
4431841,24.0
3659193,13.0
3914938,15.0
4019529,18.0
7759401,
4969290,
5013133,56.0
5459425,32.0
6520565,60.0
6715348,
6043808,41.0
5527158,
5088411,27.0
8635858,
4804345,
7927302,25.0
5357648,16.0
3062602,16.0
6102448,
4431742,
6277790,
6492000,30.0
4107942,
4318496,50.0
4686003,18.0
3946624,
4561342,27.0
3726528,
8462460,
4674054,
7927289,
7721807,38.0
5422531,30.0
6046038,78.0
6165861,26.0
8280218,418.0
4438592,
5734432,16.0
7374241,
6817507,24.0
5809475,4.0
4281879,2.0
7021708,25.0
3965474,8.0
4061244,19.0
5797124,6.0
8718871,
5339306,801.0
6752853,104.0
7502830,
3058137,50.0
5973829,
3818244,344.0
8186241,
4335563,
5166998,
4668874,5.0
5359252,
5329062,7.0
3968764,5.0
4300211,63.0
7977301,
3063350,
8669134,30.0
3261378,20.0
3776934,16.0
6127636,
4626569,12.0
7547086,
3654219,
3098368,15.0
3445610,16.0
5816817,12.0
4657106,4.0
6736628,15.0
3000328,26.0
6668391,
4557829,17.0
4189334,19.0
3730190,
4804440,
8572938,1.0
6174222,
4306523,18.0
6209625,45.0
6828617,
3377684,
8277796,
4709635,
3498331,25.0
8863239,
3313067,603.0
5783269,38.0
4832139,12.0
5831930,
6146453,40.0
4024664,
3432259,10.0
3184148,16.0
6154975,
7821580,30.0
5905235,70.0
7994340,40.0
5964831,60.0
3443433,22.0
2913324,14.0
4517841,
8329664,
4933876,
3908296,
6145856,
7076146,
5083948,
3868915,17.0
5447510,1.0
8019812,
4151069,30.0
6153347,14.0
3842844,13.0
6373696,
6001281,
5708742,
5973500,
4490615,
2491899,
4598480,117.0
2737115,23.0
7264388,
1574332,18.0
6579875,20.0
3701233,221.0
3893263,
3384885,8.0
5172249,4.0
7268041,
8668990,104.0
3509118,26.0
4107490,
7391276,12.0
5582206,32.0
7341652,
4459041,
7136238,39.0
4040936,10.0
3928251,20.0
8635780,
8247769,
3221051,
3483622,
7998905,56.0
8146460,
4517522,
3692468,
3916321,40.0
8559501,
6258168,
3417167,19.0
5074002,6.0
4401664,37.0
2570483,10.0
7702236,60.0
4256062,
3299676,2.0
3345356,4.0
6889084,
6204485,23.0
7689411,
8741989,81.0
7267915,
6616568,56.0
7555068,
8248357,107.0
7929978,
3736548,32.0
4999060,102.0
3427359,18.0
5057137,
4879128,28.0
6236232,57.0
8471665,35.0
6868065,18.0
8791738,20.0
7533550,9.0
5741239,
7527900,
5155664,
6969085,
8249894,
8886665,
6532294,
4492789,
3631111,18.0
5025431,
4872412,26.0
3499771,
6905409,30.0
6328464,
8831882,
3026336,
5090005,24.0
3590243,30.0
8222619,79.0
4276016,21.0
4085720,22.0
3608942,95.0
7268089,
3815022,
7267899,
5895040,
5614979,
6420474,138.0
6533560,
8119860,31.0
7267954,36.0
3428632,10.0
4692512,27.0
8553174,10.0
8419258,2.0
8648800,
3991848,
6206214,
4422645,
5999593,10.0
4401774,34.0
4533249,36.0
6006772,10.0
3543360,70.0
6545793,39.0
3667546,18.0
7440179,9.0
2941677,
4395363,28.0
4761650,29.0
4332494,
5472149,30.0
2526014,12.0
3534624,
2571962,
6510960,19.0
3997501,
3391196,
8468102,
6043684,
4255056,30.0
6140103,61.0
3628360,26.0
4327739,100.0
7603304,140.0
7269728,
8354930,17.0
5102637,
4990538,25.0
3972453,
6362203,4.0
4033845,
4067566,17.0
6836753,45.0
7267922,
5885301,6.0
3646913,37.0
6621543,11.0
2622763,
5770631,
7094193,
3461575,18.0
7251141,74.0
6150950,3.0
4145656,
5701130,
3255994,
4266023,14.0
3751506,
6965093,25.0
3356714,12.0
7502837,43.0
7005099,11.0
4009445,32.0
5772373,56.0
3994419,21.0
6456806,30.0
3582635,
2453130,24.0
3395033,12.0
5766664,
3695981,45.0
8361856,
5893589,
6474656,15.0
5269713,21.0
7296115,
5359195,36.0
8144551,
8784820,
8354716,159.0
3706617,
5662181,
4510423,
5397581,69.0
3606142,
7397392,
7578765,25.0
5989351,
7721226,17.0
8784770,
3548516,19.0
3466188,36.0
4971080,11.0
3709002,21.0
8127154,12.0
2876035,20.0
6162493,17.0
6357517,21.0
4351830,
4537426,
5735118,15.0
6381043,
7501852,15.0
4266288,1.0
5879116,
4589681,
3826561,
3866129,19.0
5072568,30.0
4861722,186.0
4105563,15.0
6250688,40.0
6987860,
3777787,
2603585,18.0
5541072,19.0
5292421,35.0
2780828,8.0
6524815,6.0
5830455,
7781392,
7775992,
5861091,
6506638,22.0
3756280,
8721296,
3900765,2.0
6650186,3.0
5797423,
3245630,14.0
4494028,68.0
3757296,
5089972,40.0
3367930,
7125356,2.0
3582543,
7375084,
8555254,76.0
8137842,
4496065,18.0
6489567,
4220120,23.0
8762169,35.0
6929676,41.0
6386400,
4586926,47.0
4512033,46.0
6393460,83.0
8180846,
3871382,
5318365,
3867665,
7329082,15.0
5633146,23.0
2577936,15.0
3984446,
4266292,48.0
6544009,24.0
7015912,17.0
2901385,
8548428,
2950159,40.0
3655325,19.0
5474717,58.0
3968753,45.0
2887490,14.0
2564949,14.0
4736129,14.0
4556960,206.0
7052844,182.0
3477078,
7107010,
8571566,
5563353,
3967629,13.0
2257999,2.0
8740316,34.0
2943931,20.0
4260673,
5057312,
6240578,1.0
5496109,10.0
4569885,15.0
3364481,
8218241,13.0
8053196,
8667073,13.0
4230164,10.0
4701927,14.0
6530394,
7541958,
6861733,19.0
8803449,
3960510,18.0
5216367,
2643328,
6289042,31.0
5476347,42.0
4446895,
3855765,34.0
8026251,12.0
4266850,
3130379,
4451342,43.0
6307498,
3025660,1.0
2816174,67.0
6472739,18.0
6286581,
4960248,
4420500,14.0
3951306,2.0
3483466,49.0
6861567,135.0
6759985,15.0
5917670,27.0
3387383,
7726072,
4915335,
3662123,
5698860,
7462432,51.0
4370557,
2987555,
4779536,13.0
8858977,
6457628,
3500464,28.0
4086202,12.0
4386762,
3775540,38.0
2820701,12.0
8150994,
4763436,
8463837,
8615846,11.0
4854607,
5478695,835.0
6791817,28.0
2577943,
4047966,20.0
3590175,
3221036,
8642429,
3795450,42.0
6377652,7.0
6443848,
5440725,21.0
8413769,37.0
3324571,20.0
4184667,
5434152,
6219793,
3774999,18.0
6442315,32.0
6596197,
8335153,20.0
5595864,
